{
    "data": [
        {
            "id": 1,
            "img": "xw1.png",
            "title": "布局高端智能领域，迈入超级单品时代",
            "subtitle": "深深深呼吸 零零零油烟",
            "time": "16:57"
        },
        {
            "id": 2,
            "img": "xw2.png",
            "title": "冬季使用燃气热水器，做好这些安全无需担忧",
            "subtitle": "做好使用与防备，安全舒适每一天",
            "time": "16:36"
        },
        {
            "id": 3,
            "img": "xw3.png",
            "title": "海信发布真空冰箱,冰箱进入真空保鲜时代",
            "subtitle": "真空才是真新鲜",
            "time": "16:57"
        },
        {
            "id": 4,
            "img": "xw4.png",
            "title": "多项黑科技加持，小米电视堪称年度旗舰",
            "subtitle": "小米电视大师82让超大屏飞入百姓家",
            "time": "16:57"
        },
        {
            "id": 5,
            "img": "xw5.png",
            "title": "没有空调能在沙漠？海尔56℃除菌空调挑战！",
            "subtitle": "7月12日的海尔56℃除菌空调沙漠极限挑战",
            "time": "16:57"
        },
        {
            "id": 6,
            "img": "xw6.png",
            "title": "分类式洗衣机产品再升级 复式分类洗衣机发布",
            "subtitle": "分类洗衣，为衣物穿着健康保驾护航",
            "time": "16:57"
        }
        
    ]
}